"","clause_sizes","times"
"1",10,2.28000000000005
"2",20,3.87299999999997
"3",30,5.48500000000001
"4",40,7.06400000000004
"5",50,8.72199999999998
